<?xml version="1.0" encoding="UTF-8"?>
<project-private xmlns="http://www.netbeans.org/ns/project-private/1">
    <editor-bookmarks xmlns="http://www.netbeans.org/ns/editor-bookmarks/2" lastBookmarkId="0"/>
    <open-files xmlns="http://www.netbeans.org/ns/projectui-open-files/2">
        <group>
            <file>file:/Users/jose11/Desktop/Arboles/src/ArbolBinBusq.java</file>
            <file>file:/Users/jose11/Desktop/Arboles/src/ArbolBBBalanceado.java</file>
            <file>file:/Users/jose11/Desktop/Arboles/src/ArbolBin.java</file>
            <file>file:/Users/jose11/Desktop/Arboles/src/Nodo.java</file>
        </group>
    </open-files>
</project-private>
